shipment_id,shipment_reference,physical_pallet_count,pallet_mapping_status,source_carton_number,source_carton_count,source_pallet_number,sku,part_number,name_zh,name_en,category,unit,expected_quantity,unit_price_incl_vat_cny,line_amount_cny,product_barcode_source,product_barcode,import_ready,review_issue
c49dad78-2ffc-406a-ac50-3c1e4ffec434,AJG-YJ-GWM-202608-01-PACKING,4,not_recorded,1#,1,,DM-GWM-0106,2803106XKN01A,保险杠支架（左),Left Bumper Bracket,车体/事故小件 / Body / Collision Repair Small Parts,个 / pc,4,10.6,42.4,products.barcode,,NO,Pallet mapping pending
c49dad78-2ffc-406a-ac50-3c1e4ffec434,AJG-YJ-GWM-202608-01-PACKING,4,not_recorded,1#,1,,DM-GWM-0107,2803107XKN01A,保险杠支架（右),Right Bumper Bracket,车体/事故小件 / Body / Collision Repair Small Parts,个 / pc,4,10.6,42.4,products.barcode,,NO,Pallet mapping pending
c49dad78-2ffc-406a-ac50-3c1e4ffec434,AJG-YJ-GWM-202608-01-PACKING,4,not_recorded,1#,1,,DM-GWM-0108,2803101XST01A,保险杠支架（左）,Left Bumper Bracket,车体/事故小件 / Body / Collision Repair Small Parts,个 / pc,4,10.6,42.4,products.barcode,,NO,Pallet mapping pending
c49dad78-2ffc-406a-ac50-3c1e4ffec434,AJG-YJ-GWM-202608-01-PACKING,4,not_recorded,1#,1,,DM-GWM-0109,2803102XST01A,保险杠支架（右),Right Bumper Bracket,车体/事故小件 / Body / Collision Repair Small Parts,个 / pc,4,10.6,42.4,products.barcode,,NO,Pallet mapping pending
c49dad78-2ffc-406a-ac50-3c1e4ffec434,AJG-YJ-GWM-202608-01-PACKING,4,not_recorded,2#,1,,DM-GWM-0006,3701200XED61,皮带张紧器,Drive Belt Tensioner,保养/机械耗材 / Maintenance / Mechanical Consumables,个 / pc,4,100.7,402.8,products.barcode,,NO,Pallet mapping pending
c49dad78-2ffc-406a-ac50-3c1e4ffec434,AJG-YJ-GWM-202608-01-PACKING,4,not_recorded,2#,1,,DM-GWM-0007,1025100XEC06,皮带张紧器,Drive Belt Tensioner,保养/机械耗材 / Maintenance / Mechanical Consumables,个 / pc,4,100.7,402.8,products.barcode,,NO,Pallet mapping pending
c49dad78-2ffc-406a-ac50-3c1e4ffec434,AJG-YJ-GWM-202608-01-PACKING,4,not_recorded,3#,1,,DM-GWM-0055,AQAC000357,方向机内球头,Inner Tie Rod End,底盘/悬挂转向 / Chassis / Suspension / Steering,个 / pc,4,26.5,106,products.barcode,,NO,Pallet mapping pending
c49dad78-2ffc-406a-ac50-3c1e4ffec434,AJG-YJ-GWM-202608-01-PACKING,4,not_recorded,3#,1,,DM-GWM-0056,3401102XGW02A,方向机外球头（左）,Outer Tie Rod End (LH),底盘/悬挂转向 / Chassis / Suspension / Steering,个 / pc,3,21.2,63.599999999999994,products.barcode,,NO,Pallet mapping pending
c49dad78-2ffc-406a-ac50-3c1e4ffec434,AJG-YJ-GWM-202608-01-PACKING,4,not_recorded,3#,1,,DM-GWM-0057,3401103XGW02A,方向机外球头（右）,Outer Tie Rod End (RH),底盘/悬挂转向 / Chassis / Suspension / Steering,个 / pc,3,21.2,63.599999999999994,products.barcode,,NO,Pallet mapping pending
c49dad78-2ffc-406a-ac50-3c1e4ffec434,AJG-YJ-GWM-202608-01-PACKING,4,not_recorded,3#,1,,DM-GWM-0058,2906102XGW02A,前平衡杆球头,Front Stabilizer Link,底盘/悬挂转向 / Chassis / Suspension / Steering,个 / pc,6,21.2,127.19999999999999,products.barcode,,NO,Pallet mapping pending
c49dad78-2ffc-406a-ac50-3c1e4ffec434,AJG-YJ-GWM-202608-01-PACKING,4,not_recorded,3#,1,,DM-GWM-0071,3401108XGW01A,方向机外球头,Outer Tie Rod End,底盘/悬挂转向 / Chassis / Suspension / Steering,个 / pc,6,26.5,159,products.barcode,,NO,Pallet mapping pending
c49dad78-2ffc-406a-ac50-3c1e4ffec434,AJG-YJ-GWM-202608-01-PACKING,4,not_recorded,3#,1,,DM-GWM-0072,2906101XGW01A,前平衡杆球头,Front Stabilizer Link,底盘/悬挂转向 / Chassis / Suspension / Steering,个 / pc,6,26.5,159,products.barcode,,NO,Pallet mapping pending
c49dad78-2ffc-406a-ac50-3c1e4ffec434,AJG-YJ-GWM-202608-01-PACKING,4,not_recorded,3#,1,,DM-GWM-0074,3401101XPW01A,方向机外球头,Outer Tie Rod End,底盘/悬挂转向 / Chassis / Suspension / Steering,个 / pc,6,26.5,159,products.barcode,,NO,Pallet mapping pending
c49dad78-2ffc-406a-ac50-3c1e4ffec434,AJG-YJ-GWM-202608-01-PACKING,4,not_recorded,3#,1,,DM-GWM-0102,3401101XKV3AA,方向机外球头,Outer Tie Rod End,底盘/悬挂转向 / Chassis / Suspension / Steering,个 / pc,4,26.5,106,products.barcode,,NO,Pallet mapping pending
c49dad78-2ffc-406a-ac50-3c1e4ffec434,AJG-YJ-GWM-202608-01-PACKING,4,not_recorded,4#,1,,DM-GWM-0044,ZF1500101,变速箱油底壳,Transmission Oil Pan,传动系统 / Drivetrain,个 / pc,6,159,954,products.barcode,,NO,Pallet mapping pending
c49dad78-2ffc-406a-ac50-3c1e4ffec434,AJG-YJ-GWM-202608-01-PACKING,4,not_recorded,5#,1,,DM-GWM-0067,2904101XGW02A,前下摆臂（右）,Right Front Lower Control Arm,底盘/悬挂转向 / Chassis / Suspension / Steering,个 / pc,10,79.5,795,products.barcode,,NO,Pallet mapping pending
c49dad78-2ffc-406a-ac50-3c1e4ffec434,AJG-YJ-GWM-202608-01-PACKING,4,not_recorded,6#,1,,DM-GWM-0066,2904100XGW02A,前下摆臂（左）,Left Front Lower Control Arm,底盘/悬挂转向 / Chassis / Suspension / Steering,个 / pc,10,79.5,795,products.barcode,,NO,Pallet mapping pending
c49dad78-2ffc-406a-ac50-3c1e4ffec434,AJG-YJ-GWM-202608-01-PACKING,4,not_recorded,7#8#9#,3,,DM-GWM-0064,2904103XGW01A,前下摆臂（左）,Left Front Lower Control Arm,底盘/悬挂转向 / Chassis / Suspension / Steering,个 / pc,10,143.1,1431,products.barcode,,NO,Individual carton allocation required
c49dad78-2ffc-406a-ac50-3c1e4ffec434,AJG-YJ-GWM-202608-01-PACKING,4,not_recorded,10#11#,2,,DM-GWM-0065,2904104XGW01A,前下摆臂（右）,Right Front Lower Control Arm,底盘/悬挂转向 / Chassis / Suspension / Steering,个 / pc,10,143.1,1431,products.barcode,,NO,Individual carton allocation required
c49dad78-2ffc-406a-ac50-3c1e4ffec434,AJG-YJ-GWM-202608-01-PACKING,4,not_recorded,12#,1,,DM-GWM-0088,1001120XGW04A,发动机机脚（右）,Right Engine Mount,底盘/悬挂转向 / Chassis / Suspension / Steering,个 / pc,4,137.8,551.2,products.barcode,,NO,Pallet mapping pending
c49dad78-2ffc-406a-ac50-3c1e4ffec434,AJG-YJ-GWM-202608-01-PACKING,4,not_recorded,12#,1,,DM-GWM-0089,1001100XKM01A,发动机机脚（左）,Left Engine Mount,底盘/悬挂转向 / Chassis / Suspension / Steering,个 / pc,4,137.8,551.2,products.barcode,,NO,Pallet mapping pending
c49dad78-2ffc-406a-ac50-3c1e4ffec434,AJG-YJ-GWM-202608-01-PACKING,4,not_recorded,12#,1,,DM-GWM-0090,1001101XKM01A,发动机机脚（右）,Right Engine Mount,底盘/悬挂转向 / Chassis / Suspension / Steering,个 / pc,4,137.8,551.2,products.barcode,,NO,Pallet mapping pending
c49dad78-2ffc-406a-ac50-3c1e4ffec434,AJG-YJ-GWM-202608-01-PACKING,4,not_recorded,12#,1,,DM-GWM-0091,1001123XGW04A,发动机机脚（左）,Left Engine Mount,底盘/悬挂转向 / Chassis / Suspension / Steering,个 / pc,4,137.8,551.2,products.barcode,,NO,Pallet mapping pending
c49dad78-2ffc-406a-ac50-3c1e4ffec434,AJG-YJ-GWM-202608-01-PACKING,4,not_recorded,12#,1,,DM-GWM-0092,1001122XGW04A,发动机机脚（右）,Right Engine Mount,底盘/悬挂转向 / Chassis / Suspension / Steering,个 / pc,4,137.8,551.2,products.barcode,,NO,Pallet mapping pending
c49dad78-2ffc-406a-ac50-3c1e4ffec434,AJG-YJ-GWM-202608-01-PACKING,4,not_recorded,13#,1,,DM-GWM-0042,1001115AGW01A,发动机机脚胶（左）,Left Engine Mount,传动系统 / Drivetrain,个 / pc,4,153.7,614.8,products.barcode,,NO,Pallet mapping pending
c49dad78-2ffc-406a-ac50-3c1e4ffec434,AJG-YJ-GWM-202608-01-PACKING,4,not_recorded,13#,1,,DM-GWM-0059,2905101XPW01B,前减震器缓冲胶/缓冲块,Front Strut Bump Stop,底盘/悬挂转向 / Chassis / Suspension / Steering,个 / pc,4,15.9,63.6,products.barcode,,NO,Pallet mapping pending
c49dad78-2ffc-406a-ac50-3c1e4ffec434,AJG-YJ-GWM-202608-01-PACKING,4,not_recorded,13#,1,,DM-GWM-0073,2905136XGW01A,前减震器缓冲胶,Front Strut Bump Stop,底盘/悬挂转向 / Chassis / Suspension / Steering,个 / pc,10,15.9,159,products.barcode,,NO,Pallet mapping pending
c49dad78-2ffc-406a-ac50-3c1e4ffec434,AJG-YJ-GWM-202608-01-PACKING,4,not_recorded,13#,1,,DM-GWM-0075,2905117XPW01A,前减震器防尘套,Front Strut Dust Boot,底盘/悬挂转向 / Chassis / Suspension / Steering,个 / pc,4,21.2,84.8,products.barcode,,NO,Pallet mapping pending
c49dad78-2ffc-406a-ac50-3c1e4ffec434,AJG-YJ-GWM-202608-01-PACKING,4,not_recorded,13#,1,,DM-GWM-0076,2905108XKM01A,前减震器防尘套,Front Strut Dust Boot,底盘/悬挂转向 / Chassis / Suspension / Steering,个 / pc,4,21.2,84.8,products.barcode,,NO,Pallet mapping pending
c49dad78-2ffc-406a-ac50-3c1e4ffec434,AJG-YJ-GWM-202608-01-PACKING,4,not_recorded,13#,1,,DM-GWM-0087,1001119XGW04A,发动机机脚（左）,Left Engine Mount,底盘/悬挂转向 / Chassis / Suspension / Steering,个 / pc,4,137.8,551.2,products.barcode,,NO,Pallet mapping pending
c49dad78-2ffc-406a-ac50-3c1e4ffec434,AJG-YJ-GWM-202608-01-PACKING,4,not_recorded,13#,1,,DM-GWM-0103,2905302XGW04A,前减震器防尘套,Front Strut Dust Boot,底盘/悬挂转向 / Chassis / Suspension / Steering,个 / pc,4,21.2,84.8,products.barcode,,NO,Pallet mapping pending
c49dad78-2ffc-406a-ac50-3c1e4ffec434,AJG-YJ-GWM-202608-01-PACKING,4,not_recorded,13#,1,,DM-GWM-0104,2904500XKV08A,前减震器缓冲胶,Front Strut Bump Stop,底盘/悬挂转向 / Chassis / Suspension / Steering,个 / pc,4,15.9,63.6,products.barcode,,NO,Pallet mapping pending
c49dad78-2ffc-406a-ac50-3c1e4ffec434,AJG-YJ-GWM-202608-01-PACKING,4,not_recorded,13#,1,,DM-GWM-0105,2905107XPW01A,前螺旋弹簧上安装垫,Front Coil Spring Upper Insulator,底盘/悬挂转向 / Chassis / Suspension / Steering,个 / pc,2,15.9,31.8,products.barcode,,NO,Pallet mapping pending
c49dad78-2ffc-406a-ac50-3c1e4ffec434,AJG-YJ-GWM-202608-01-PACKING,4,not_recorded,14#,1,,DM-GWM-0043,1001116AGW01A,发动机机脚胶(右）,Right Engine Mount,传动系统 / Drivetrain,个 / pc,4,153.7,614.8,products.barcode,,NO,Pallet mapping pending
c49dad78-2ffc-406a-ac50-3c1e4ffec434,AJG-YJ-GWM-202608-01-PACKING,4,not_recorded,14#,1,,DM-GWM-0045,1001100XGW02A,发动机机脚胶（变速箱机脚胶）,Transmission-Side Engine Mount,传动系统 / Drivetrain,个 / pc,4,148.4,593.6,products.barcode,,NO,Pallet mapping pending
c49dad78-2ffc-406a-ac50-3c1e4ffec434,AJG-YJ-GWM-202608-01-PACKING,4,not_recorded,14#,1,,DM-GWM-0047,1001103XGW02A,发动机机脚胶（变速箱机脚胶）,Transmission-Side Engine Mount,传动系统 / Drivetrain,个 / pc,4,148.4,593.6,products.barcode,,NO,Pallet mapping pending
c49dad78-2ffc-406a-ac50-3c1e4ffec434,AJG-YJ-GWM-202608-01-PACKING,4,not_recorded,15#,1,,DM-GWM-0049,2905127XGW01A,前减震塔顶胶,Front Strut Top Mount,底盘/悬挂转向 / Chassis / Suspension / Steering,个 / pc,10,53,530,products.barcode,,NO,Pallet mapping pending
c49dad78-2ffc-406a-ac50-3c1e4ffec434,AJG-YJ-GWM-202608-01-PACKING,4,not_recorded,15#,1,,DM-GWM-0050,2905137XGW01A,前减震器防尘套,Front Strut Dust Boot,底盘/悬挂转向 / Chassis / Suspension / Steering,个 / pc,10,21.2,212,products.barcode,,NO,Pallet mapping pending
c49dad78-2ffc-406a-ac50-3c1e4ffec434,AJG-YJ-GWM-202608-01-PACKING,4,not_recorded,15#,1,,DM-GWM-0051,2905108XPW01A,前减震塔顶胶,Front Strut Top Mount,底盘/悬挂转向 / Chassis / Suspension / Steering,个 / pc,4,53,212,products.barcode,,NO,Pallet mapping pending
c49dad78-2ffc-406a-ac50-3c1e4ffec434,AJG-YJ-GWM-202608-01-PACKING,4,not_recorded,15#,1,,DM-GWM-0054,2905377XGW02A,前减震器缓冲胶,Front Strut Bump Stop,底盘/悬挂转向 / Chassis / Suspension / Steering,个 / pc,10,15.9,159,products.barcode,,NO,Pallet mapping pending
c49dad78-2ffc-406a-ac50-3c1e4ffec434,AJG-YJ-GWM-202608-01-PACKING,4,not_recorded,16#,1,,DM-GWM-0113,1307100XED95,水泵,Engine Water Pump,发动机系统 / Engine System,个 / pc,4,220,880,products.barcode,,NO,Pallet mapping pending
c49dad78-2ffc-406a-ac50-3c1e4ffec434,AJG-YJ-GWM-202608-01-PACKING,4,not_recorded,17#,1,,DM-GWM-0115,1307100-EG01B,水泵,Engine Water Pump,发动机系统 / Engine System,个 / pc,6,110,660,products.barcode,,NO,Pallet mapping pending
c49dad78-2ffc-406a-ac50-3c1e4ffec434,AJG-YJ-GWM-202608-01-PACKING,4,not_recorded,18#,1,,DM-GWM-0097,2904201XKV1BB,前上摆臂（左）,Left Front Upper Control Arm,底盘/悬挂转向 / Chassis / Suspension / Steering,个 / pc,4,127.2,508.8,products.barcode,,NO,Pallet mapping pending
c49dad78-2ffc-406a-ac50-3c1e4ffec434,AJG-YJ-GWM-202608-01-PACKING,4,not_recorded,18#,1,,DM-GWM-0098,2904202XKV1BA,前上摆臂（右）,Right Front Upper Control Arm,底盘/悬挂转向 / Chassis / Suspension / Steering,个 / pc,4,127.2,508.8,products.barcode,,NO,Pallet mapping pending
c49dad78-2ffc-406a-ac50-3c1e4ffec434,AJG-YJ-GWM-202608-01-PACKING,4,not_recorded,18#,1,,DM-GWM-0110,1001117AGW01A,发动机机脚胶（后）,Rear Engine Mount,传动系统 / Drivetrain,个 / pc,4,127.2,508.8,products.barcode,,NO,Pallet mapping pending
c49dad78-2ffc-406a-ac50-3c1e4ffec434,AJG-YJ-GWM-202608-01-PACKING,4,not_recorded,19#,1,,DM-GWM-0001,1117100XKW09A,燃油滤芯,Fuel Filter,保养/机械耗材 / Maintenance / Mechanical Consumables,个 / pc,4,21.2,84.8,products.barcode,,NO,Pallet mapping pending
c49dad78-2ffc-406a-ac50-3c1e4ffec434,AJG-YJ-GWM-202608-01-PACKING,4,not_recorded,19#,1,,DM-GWM-0003,1111402XED96,燃油滤芯,Fuel Filter,保养/机械耗材 / Maintenance / Mechanical Consumables,个 / pc,10,53,530,products.barcode,,NO,Pallet mapping pending
c49dad78-2ffc-406a-ac50-3c1e4ffec434,AJG-YJ-GWM-202608-01-PACKING,4,not_recorded,19#,1,,DM-GWM-0004,1017110XEN01,机油滤芯,Engine Oil Filter,保养/机械耗材 / Maintenance / Mechanical Consumables,个 / pc,20,19.08,381.59999999999997,products.barcode,,NO,Pallet mapping pending
c49dad78-2ffc-406a-ac50-3c1e4ffec434,AJG-YJ-GWM-202608-01-PACKING,4,not_recorded,19#,1,,DM-GWM-0009,1017100EG01,机油滤芯,Engine Oil Filter,保养/机械耗材 / Maintenance / Mechanical Consumables,个 / pc,20,10.6,212,products.barcode,,NO,Pallet mapping pending
c49dad78-2ffc-406a-ac50-3c1e4ffec434,AJG-YJ-GWM-202608-01-PACKING,4,not_recorded,19#,1,,DM-GWM-0021,1017100-EG01,机油滤芯,Engine Oil Filter,保养/机械耗材 / Maintenance / Mechanical Consumables,个 / pc,20,10.6,212,products.barcode,,NO,Pallet mapping pending
c49dad78-2ffc-406a-ac50-3c1e4ffec434,AJG-YJ-GWM-202608-01-PACKING,4,not_recorded,19#,1,,DM-GWM-0027,1017100XEC01,机油滤芯,Engine Oil Filter,保养/机械耗材 / Maintenance / Mechanical Consumables,个 / pc,8,21.2,169.6,products.barcode,,NO,Pallet mapping pending
c49dad78-2ffc-406a-ac50-3c1e4ffec434,AJG-YJ-GWM-202608-01-PACKING,4,not_recorded,19#,1,,DM-GWM-0028,1017110XED95,机油滤芯,Engine Oil Filter,保养/机械耗材 / Maintenance / Mechanical Consumables,个 / pc,8,19.08,152.64,products.barcode,,NO,Pallet mapping pending
c49dad78-2ffc-406a-ac50-3c1e4ffec434,AJG-YJ-GWM-202608-01-PACKING,4,not_recorded,19#,1,,DM-GWM-0029,1017100XED95,机油滤芯,Engine Oil Filter,保养/机械耗材 / Maintenance / Mechanical Consumables,个 / pc,8,19.08,152.64,products.barcode,,NO,Pallet mapping pending
c49dad78-2ffc-406a-ac50-3c1e4ffec434,AJG-YJ-GWM-202608-01-PACKING,4,not_recorded,20#,1,,DM-GWM-0008,3701011XEG71,皮带,Drive Belt,保养/机械耗材 / Maintenance / Mechanical Consumables,个 / pc,6,47.7,286.20000000000005,products.barcode,,NO,Pallet mapping pending
c49dad78-2ffc-406a-ac50-3c1e4ffec434,AJG-YJ-GWM-202608-01-PACKING,4,not_recorded,20#,1,,DM-GWM-0011,3701011XED95,皮带,Drive Belt,保养/机械耗材 / Maintenance / Mechanical Consumables,个 / pc,4,47.7,190.8,products.barcode,,NO,Pallet mapping pending
c49dad78-2ffc-406a-ac50-3c1e4ffec434,AJG-YJ-GWM-202608-01-PACKING,4,not_recorded,20#,1,,DM-GWM-0014,1025011XEN01,皮带,Drive Belt,保养/机械耗材 / Maintenance / Mechanical Consumables,个 / pc,6,53,318,products.barcode,,NO,Pallet mapping pending
c49dad78-2ffc-406a-ac50-3c1e4ffec434,AJG-YJ-GWM-202608-01-PACKING,4,not_recorded,20#,1,,DM-GWM-0019,1021013XED61,正时皮带,Timing Belt,保养/机械耗材 / Maintenance / Mechanical Consumables,个 / pc,2,137.8,275.6,products.barcode,,NO,Pallet mapping pending
c49dad78-2ffc-406a-ac50-3c1e4ffec434,AJG-YJ-GWM-202608-01-PACKING,4,not_recorded,20#,1,,DM-GWM-0020,1021801XED10,正时皮带,Timing Belt,保养/机械耗材 / Maintenance / Mechanical Consumables,个 / pc,2,137.8,275.6,products.barcode,,NO,Pallet mapping pending
c49dad78-2ffc-406a-ac50-3c1e4ffec434,AJG-YJ-GWM-202608-01-PACKING,4,not_recorded,20#,1,,DM-GWM-0024,1025014XEDA8,皮带,Drive Belt,保养/机械耗材 / Maintenance / Mechanical Consumables,个 / pc,4,53,212,products.barcode,,NO,Pallet mapping pending
c49dad78-2ffc-406a-ac50-3c1e4ffec434,AJG-YJ-GWM-202608-01-PACKING,4,not_recorded,20#,1,,DM-GWM-0025,1025011XEC06,皮带,Drive Belt,保养/机械耗材 / Maintenance / Mechanical Consumables,个 / pc,4,53,212,products.barcode,,NO,Pallet mapping pending
c49dad78-2ffc-406a-ac50-3c1e4ffec434,AJG-YJ-GWM-202608-01-PACKING,4,not_recorded,21#,1,,DM-GWM-0082,2904104XPW01A,前下摆臂（左）,Left Front Lower Control Arm,底盘/悬挂转向 / Chassis / Suspension / Steering,个 / pc,4,233.2,932.8,products.barcode,,NO,Pallet mapping pending
c49dad78-2ffc-406a-ac50-3c1e4ffec434,AJG-YJ-GWM-202608-01-PACKING,4,not_recorded,22#,1,,DM-GWM-0081,2904103XPW01A,前下摆臂（左）,Left Front Lower Control Arm,底盘/悬挂转向 / Chassis / Suspension / Steering,个 / pc,4,233.2,932.8,products.barcode,,NO,Pallet mapping pending
c49dad78-2ffc-406a-ac50-3c1e4ffec434,AJG-YJ-GWM-202608-01-PACKING,4,not_recorded,23#,1,,DM-GWM-0080,2904104XKV1BA,前下摆臂（右）,Right Front Lower Control Arm,底盘/悬挂转向 / Chassis / Suspension / Steering,个 / pc,4,254.4,1017.6,products.barcode,,NO,Pallet mapping pending
c49dad78-2ffc-406a-ac50-3c1e4ffec434,AJG-YJ-GWM-202608-01-PACKING,4,not_recorded,24#,1,,DM-GWM-0079,2904103XKV1BA,前下摆臂（左）,Left Front Lower Control Arm,底盘/悬挂转向 / Chassis / Suspension / Steering,个 / pc,4,254.4,1017.6,products.barcode,,NO,Pallet mapping pending
c49dad78-2ffc-406a-ac50-3c1e4ffec434,AJG-YJ-GWM-202608-01-PACKING,4,not_recorded,25#,1,,DM-GWM-0070,2904101XPW01A,前上摆臂（左）,Left Front Upper Control Arm,底盘/悬挂转向 / Chassis / Suspension / Steering,个 / pc,4,127.2,508.8,products.barcode,,NO,Pallet mapping pending
c49dad78-2ffc-406a-ac50-3c1e4ffec434,AJG-YJ-GWM-202608-01-PACKING,4,not_recorded,25#,1,,DM-GWM-0093,2904102XPW01A,前上摆臂（右）,Right Front Upper Control Arm,底盘/悬挂转向 / Chassis / Suspension / Steering,个 / pc,4,127.2,508.8,products.barcode,,NO,Pallet mapping pending
c49dad78-2ffc-406a-ac50-3c1e4ffec434,AJG-YJ-GWM-202608-01-PACKING,4,not_recorded,26#,1,,DM-GWM-0002,8104400XKZ96A,空调滤芯,Cabin Air Filter,保养/机械耗材 / Maintenance / Mechanical Consumables,个 / pc,10,15.9,159,products.barcode,,NO,Pallet mapping pending
c49dad78-2ffc-406a-ac50-3c1e4ffec434,AJG-YJ-GWM-202608-01-PACKING,4,not_recorded,26#,1,,DM-GWM-0005,1109103XKM01A,空气滤芯,Engine Air Filter,保养/机械耗材 / Maintenance / Mechanical Consumables,个 / pc,4,21.2,84.8,products.barcode,,NO,Pallet mapping pending
c49dad78-2ffc-406a-ac50-3c1e4ffec434,AJG-YJ-GWM-202608-01-PACKING,4,not_recorded,26#,1,,DM-GWM-0010,1109104XGW02A,空气滤芯,Engine Air Filter,保养/机械耗材 / Maintenance / Mechanical Consumables,个 / pc,10,21.2,212,products.barcode,,NO,Pallet mapping pending
c49dad78-2ffc-406a-ac50-3c1e4ffec434,AJG-YJ-GWM-202608-01-PACKING,4,not_recorded,26#,1,,DM-GWM-0012,8104300XKR02A,空调滤芯,Cabin Air Filter,保养/机械耗材 / Maintenance / Mechanical Consumables,个 / pc,4,21.2,84.8,products.barcode,,NO,Pallet mapping pending
c49dad78-2ffc-406a-ac50-3c1e4ffec434,AJG-YJ-GWM-202608-01-PACKING,4,not_recorded,26#,1,,DM-GWM-0013,8100422XNZ01A,空调滤芯,Cabin Air Filter,保养/机械耗材 / Maintenance / Mechanical Consumables,个 / pc,4,19.08,76.32,products.barcode,,NO,Pallet mapping pending
c49dad78-2ffc-406a-ac50-3c1e4ffec434,AJG-YJ-GWM-202608-01-PACKING,4,not_recorded,26#,1,,DM-GWM-0018,1109101AGW01A,空气滤芯,Engine Air Filter,保养/机械耗材 / Maintenance / Mechanical Consumables,个 / pc,10,21.2,212,products.barcode,,NO,Pallet mapping pending
c49dad78-2ffc-406a-ac50-3c1e4ffec434,AJG-YJ-GWM-202608-01-PACKING,4,not_recorded,26#,1,,DM-GWM-0032,8104430XKV3AA,空调滤芯,Cabin Air Filter,保养/机械耗材 / Maintenance / Mechanical Consumables,个 / pc,4,21.2,84.8,products.barcode,,NO,Pallet mapping pending
c49dad78-2ffc-406a-ac50-3c1e4ffec434,AJG-YJ-GWM-202608-01-PACKING,4,not_recorded,27#,1,,DM-GWM-0016,1017100XEB02,机油滤芯,Engine Oil Filter,保养/机械耗材 / Maintenance / Mechanical Consumables,个 / pc,20,15.9,318,products.barcode,,NO,Pallet mapping pending
c49dad78-2ffc-406a-ac50-3c1e4ffec434,AJG-YJ-GWM-202608-01-PACKING,4,not_recorded,27#,1,,DM-GWM-0041,151100002,变速箱滤芯,Transmission Filter,传动系统 / Drivetrain,个 / pc,6,31.8,190.8,products.barcode,,NO,Pallet mapping pending
c49dad78-2ffc-406a-ac50-3c1e4ffec434,AJG-YJ-GWM-202608-01-PACKING,4,not_recorded,27#,1,,DM-GWM-0048,151100008,变速箱滤芯,Transmission Filter,传动系统 / Drivetrain,个 / pc,6,31.8,190.8,products.barcode,,NO,Pallet mapping pending
c49dad78-2ffc-406a-ac50-3c1e4ffec434,AJG-YJ-GWM-202608-01-PACKING,4,not_recorded,28#,1,,DM-GWM-0060,2905102XGW01A,前减震器（左）,Left Front Shock Absorber,底盘/悬挂转向 / Chassis / Suspension / Steering,个 / pc,10,254.4,2544,products.barcode,,NO,Pallet mapping pending
c49dad78-2ffc-406a-ac50-3c1e4ffec434,AJG-YJ-GWM-202608-01-PACKING,4,not_recorded,28#,1,,DM-GWM-0061,2905103XGW01A,前减震器（右）,Right Front Shock Absorber,底盘/悬挂转向 / Chassis / Suspension / Steering,个 / pc,10,254.4,2544,products.barcode,,NO,Pallet mapping pending
c49dad78-2ffc-406a-ac50-3c1e4ffec434,AJG-YJ-GWM-202608-01-PACKING,4,not_recorded,28#,1,,DM-GWM-0062,2905401XGW02A,前减震器（左）,Left Front Shock Absorber,底盘/悬挂转向 / Chassis / Suspension / Steering,个 / pc,10,254.4,2544,products.barcode,,NO,Pallet mapping pending
c49dad78-2ffc-406a-ac50-3c1e4ffec434,AJG-YJ-GWM-202608-01-PACKING,4,not_recorded,28#,1,,DM-GWM-0063,2905402XGW02A,前减震器（右）,Right Front Shock Absorber,底盘/悬挂转向 / Chassis / Suspension / Steering,个 / pc,10,254.4,2544,products.barcode,,NO,Pallet mapping pending
c49dad78-2ffc-406a-ac50-3c1e4ffec434,AJG-YJ-GWM-202608-01-PACKING,4,not_recorded,28#,1,,DM-GWM-0084,2905101XPW04A,前减震器（右）,Right Front Shock Absorber,底盘/悬挂转向 / Chassis / Suspension / Steering,个 / pc,4,233.2,932.8,products.barcode,,NO,Pallet mapping pending
c49dad78-2ffc-406a-ac50-3c1e4ffec434,AJG-YJ-GWM-202608-01-PACKING,4,not_recorded,29#,1,,DM-GWM-0052,2905121XPW01A,前减震器（左）,Left Front Shock Absorber,底盘/悬挂转向 / Chassis / Suspension / Steering,个 / pc,4,233.2,932.8,products.barcode,,NO,Pallet mapping pending
c49dad78-2ffc-406a-ac50-3c1e4ffec434,AJG-YJ-GWM-202608-01-PACKING,4,not_recorded,29#,1,,DM-GWM-0053,2905120XPW01A,前减震器（右）,Right Front Shock Absorber,底盘/悬挂转向 / Chassis / Suspension / Steering,个 / pc,4,233.2,932.8,products.barcode,,NO,Pallet mapping pending
c49dad78-2ffc-406a-ac50-3c1e4ffec434,AJG-YJ-GWM-202608-01-PACKING,4,not_recorded,29#,1,,DM-GWM-0077,2905104XGW02A,前减震器（左）,Left Front Shock Absorber,底盘/悬挂转向 / Chassis / Suspension / Steering,个 / pc,10,254.4,2544,products.barcode,,NO,Pallet mapping pending
c49dad78-2ffc-406a-ac50-3c1e4ffec434,AJG-YJ-GWM-202608-01-PACKING,4,not_recorded,29#,1,,DM-GWM-0078,2905105XGW02A,前减震器（右）,Right Front Shock Absorber,底盘/悬挂转向 / Chassis / Suspension / Steering,个 / pc,10,254.4,2544,products.barcode,,NO,Pallet mapping pending
c49dad78-2ffc-406a-ac50-3c1e4ffec434,AJG-YJ-GWM-202608-01-PACKING,4,not_recorded,29#,1,,DM-GWM-0083,2905100XPW04A,前减震器（左）,Left Front Shock Absorber,底盘/悬挂转向 / Chassis / Suspension / Steering,个 / pc,4,233.2,932.8,products.barcode,,NO,Pallet mapping pending
c49dad78-2ffc-406a-ac50-3c1e4ffec434,AJG-YJ-GWM-202608-01-PACKING,4,not_recorded,29#,1,,DM-GWM-0085,2905550XGW04A,前减震器（左）,Left Front Shock Absorber,底盘/悬挂转向 / Chassis / Suspension / Steering,个 / pc,4,233.2,932.8,products.barcode,,NO,Pallet mapping pending
c49dad78-2ffc-406a-ac50-3c1e4ffec434,AJG-YJ-GWM-202608-01-PACKING,4,not_recorded,29#,1,,DM-GWM-0086,2905553XGW04A,前减震器（右）,Right Front Shock Absorber,底盘/悬挂转向 / Chassis / Suspension / Steering,个 / pc,4,233.2,932.8,products.barcode,,NO,Pallet mapping pending
c49dad78-2ffc-406a-ac50-3c1e4ffec434,AJG-YJ-GWM-202608-01-PACKING,4,not_recorded,30#,1,,DM-GWM-0022,1109107XGW02A,空气滤芯,Engine Air Filter,保养/机械耗材 / Maintenance / Mechanical Consumables,个 / pc,10,21.2,212,products.barcode,,NO,Pallet mapping pending
c49dad78-2ffc-406a-ac50-3c1e4ffec434,AJG-YJ-GWM-202608-01-PACKING,4,not_recorded,30#,1,,DM-GWM-0023,1109132XGW01A,空气滤芯,Engine Air Filter,保养/机械耗材 / Maintenance / Mechanical Consumables,个 / pc,10,21.2,212,products.barcode,,NO,Pallet mapping pending
c49dad78-2ffc-406a-ac50-3c1e4ffec434,AJG-YJ-GWM-202608-01-PACKING,4,not_recorded,31#,1,,DM-GWM-0015,1025200XEB55,皮带张紧器,Drive Belt Tensioner,保养/机械耗材 / Maintenance / Mechanical Consumables,个 / pc,4,100.7,402.8,products.barcode,,NO,Pallet mapping pending
c49dad78-2ffc-406a-ac50-3c1e4ffec434,AJG-YJ-GWM-202608-01-PACKING,4,not_recorded,31#,1,,DM-GWM-0017,1025011XEB55,皮带,Drive Belt,保养/机械耗材 / Maintenance / Mechanical Consumables,个 / pc,6,53,318,products.barcode,,NO,Pallet mapping pending
c49dad78-2ffc-406a-ac50-3c1e4ffec434,AJG-YJ-GWM-202608-01-PACKING,4,not_recorded,31#,1,,DM-GWM-0026,1025100XEDA8,皮带张紧器,Drive Belt Tensioner,保养/机械耗材 / Maintenance / Mechanical Consumables,个 / pc,2,100.7,201.4,products.barcode,,NO,Pallet mapping pending
c49dad78-2ffc-406a-ac50-3c1e4ffec434,AJG-YJ-GWM-202608-01-PACKING,4,not_recorded,31#,1,,DM-GWM-0030,1109110XP6EXA,空气滤芯,Engine Air Filter,保养/机械耗材 / Maintenance / Mechanical Consumables,个 / pc,4,21.2,84.8,products.barcode,,NO,Pallet mapping pending
c49dad78-2ffc-406a-ac50-3c1e4ffec434,AJG-YJ-GWM-202608-01-PACKING,4,not_recorded,31#,1,,DM-GWM-0031,1109110XPE6EXA,空气滤芯,Engine Air Filter,保养/机械耗材 / Maintenance / Mechanical Consumables,个 / pc,4,21.2,84.8,products.barcode,,NO,Pallet mapping pending
c49dad78-2ffc-406a-ac50-3c1e4ffec434,AJG-YJ-GWM-202608-01-PACKING,4,not_recorded,31#,1,,DM-GWM-0046,151100057,变速箱油底壳,Transmission Oil Pan,传动系统 / Drivetrain,个 / pc,2,212,424,products.barcode,,NO,Pallet mapping pending
c49dad78-2ffc-406a-ac50-3c1e4ffec434,AJG-YJ-GWM-202608-01-PACKING,4,not_recorded,32#,1,,DM-GWM-0112,3103100XPW01A,前轮轴承,Front Wheel Bearing,底盘系统 / Chassis System,个 / pc,4,75,300,products.barcode,,NO,Pallet mapping pending
c49dad78-2ffc-406a-ac50-3c1e4ffec434,AJG-YJ-GWM-202608-01-PACKING,4,not_recorded,32#,1,,DM-GWM-0114,3103100XGW02A,轴头轴承总成,Wheel Hub Bearing Assembly,底盘系统 / Chassis System,个 / pc,4,150,600,products.barcode,,NO,Pallet mapping pending
c49dad78-2ffc-406a-ac50-3c1e4ffec434,AJG-YJ-GWM-202608-01-PACKING,4,not_recorded,32#,1,,DM-GWM-0117,3103100XGW01A,轴头轴承总成,Wheel Hub Bearing Assembly,底盘系统 / Chassis System,个 / pc,4,150,600,products.barcode,,NO,Pallet mapping pending
c49dad78-2ffc-406a-ac50-3c1e4ffec434,AJG-YJ-GWM-202608-01-PACKING,4,not_recorded,32#,1,,DM-GWM-0118,3103100XGW04A,轴头轴承总成,Wheel Hub Bearing Assembly,底盘系统 / Chassis System,个 / pc,4,210,840,products.barcode,,NO,Pallet mapping pending
c49dad78-2ffc-406a-ac50-3c1e4ffec434,AJG-YJ-GWM-202608-01-PACKING,4,not_recorded,33#,1,,DM-GWM-0111,1306100-ED01,节温器,Engine Thermostat,发动机系统 / Engine System,个 / pc,6,25,150,products.barcode,,NO,Pallet mapping pending
c49dad78-2ffc-406a-ac50-3c1e4ffec434,AJG-YJ-GWM-202608-01-PACKING,4,not_recorded,33#,1,,DM-GWM-0116,1306100-EG01,节温器,Engine Thermostat,发动机系统 / Engine System,个 / pc,6,25,150,products.barcode,,NO,Pallet mapping pending
c49dad78-2ffc-406a-ac50-3c1e4ffec434,AJG-YJ-GWM-202608-01-PACKING,4,not_recorded,33#,1,,DM-GWM-0119,1307100XEC71,水泵,Engine Water Pump,发动机系统 / Engine System,个 / pc,4,130,520,products.barcode,,NO,Pallet mapping pending
c49dad78-2ffc-406a-ac50-3c1e4ffec434,AJG-YJ-GWM-202608-01-PACKING,4,not_recorded,34#,1,,DM-GWM-0100,2915100XPW04A,后减震器,Rear Shock Absorber,底盘/悬挂转向 / Chassis / Suspension / Steering,个 / pc,2,111.3,222.6,products.barcode,,NO,Pallet mapping pending
c49dad78-2ffc-406a-ac50-3c1e4ffec434,AJG-YJ-GWM-202608-01-PACKING,4,not_recorded,35#,1,,DM-GWM-0095,2915370XGW02A,后减震器,Rear Shock Absorber,底盘/悬挂转向 / Chassis / Suspension / Steering,个 / pc,4,127.2,508.8,products.barcode,,NO,Pallet mapping pending
c49dad78-2ffc-406a-ac50-3c1e4ffec434,AJG-YJ-GWM-202608-01-PACKING,4,not_recorded,35#,1,,DM-GWM-0096,2915105XGW02A,后减震器,Rear Shock Absorber,底盘/悬挂转向 / Chassis / Suspension / Steering,个 / pc,4,127.2,508.8,products.barcode,,NO,Pallet mapping pending
c49dad78-2ffc-406a-ac50-3c1e4ffec434,AJG-YJ-GWM-202608-01-PACKING,4,not_recorded,35#,1,,DM-GWM-0101,2915101XPW01A,后减震器,Rear Shock Absorber,底盘/悬挂转向 / Chassis / Suspension / Steering,个 / pc,2,111.3,222.6,products.barcode,,NO,Pallet mapping pending
c49dad78-2ffc-406a-ac50-3c1e4ffec434,AJG-YJ-GWM-202608-01-PACKING,4,not_recorded,36#,1,,DM-GWM-0094,2915101XGW02A,后减震器,Rear Shock Absorber,底盘/悬挂转向 / Chassis / Suspension / Steering,个 / pc,4,127.2,508.8,products.barcode,,NO,Pallet mapping pending
c49dad78-2ffc-406a-ac50-3c1e4ffec434,AJG-YJ-GWM-202608-01-PACKING,4,not_recorded,36#,1,,DM-GWM-0099,2915507XGW04A,后减震器,Rear Shock Absorber,底盘/悬挂转向 / Chassis / Suspension / Steering,个 / pc,4,127.2,508.8,products.barcode,,NO,Pallet mapping pending
c49dad78-2ffc-406a-ac50-3c1e4ffec434,AJG-YJ-GWM-202608-01-PACKING,4,not_recorded,37#,1,,DM-GWM-0068,2915102XGW01A,后减震器,Rear Shock Absorber,底盘/悬挂转向 / Chassis / Suspension / Steering,个 / pc,4,127.2,508.8,products.barcode,,NO,Pallet mapping pending
c49dad78-2ffc-406a-ac50-3c1e4ffec434,AJG-YJ-GWM-202608-01-PACKING,4,not_recorded,37#,1,,DM-GWM-0069,2915103XGW04A,后减震器,Rear Shock Absorber,底盘/悬挂转向 / Chassis / Suspension / Steering,个 / pc,4,137.8,551.2,products.barcode,,NO,Pallet mapping pending
c49dad78-2ffc-406a-ac50-3c1e4ffec434,AJG-YJ-GWM-202608-01-PACKING,4,not_recorded,38#,1,,DM-GWM-0033,3502108XPW01A,后刹车盘,Rear Brake Disc (Rotor),制动系统 / Brake System,个 / pc,4,100.7,402.8,products.barcode,,NO,Pallet mapping pending
c49dad78-2ffc-406a-ac50-3c1e4ffec434,AJG-YJ-GWM-202608-01-PACKING,4,not_recorded,38#,1,,DM-GWM-0034,3501104XPW01A,前刹车盘,Front Brake Disc (Rotor),制动系统 / Brake System,个 / pc,10,100.7,1007,products.barcode,,NO,Pallet mapping pending
c49dad78-2ffc-406a-ac50-3c1e4ffec434,AJG-YJ-GWM-202608-01-PACKING,4,not_recorded,38#,1,,DM-GWM-0035,3502102XGW02A,后刹车盘,Rear Brake Disc (Rotor),制动系统 / Brake System,个 / pc,4,100.7,402.8,products.barcode,,NO,Pallet mapping pending
c49dad78-2ffc-406a-ac50-3c1e4ffec434,AJG-YJ-GWM-202608-01-PACKING,4,not_recorded,38#,1,,DM-GWM-0036,3501112XGW01A,前刹车盘,Front Brake Disc (Rotor),制动系统 / Brake System,个 / pc,10,100.7,1007,products.barcode,,NO,Pallet mapping pending
c49dad78-2ffc-406a-ac50-3c1e4ffec434,AJG-YJ-GWM-202608-01-PACKING,4,not_recorded,38#,1,,DM-GWM-0037,3501107XGW02A,前刹车盘,Front Brake Disc (Rotor),制动系统 / Brake System,个 / pc,10,100.7,1007,products.barcode,,NO,Pallet mapping pending
c49dad78-2ffc-406a-ac50-3c1e4ffec434,AJG-YJ-GWM-202608-01-PACKING,4,not_recorded,38#,1,,DM-GWM-0038,3502105XGW01A,后刹车盘,Rear Brake Disc (Rotor),制动系统 / Brake System,个 / pc,4,100.7,402.8,products.barcode,,NO,Pallet mapping pending
c49dad78-2ffc-406a-ac50-3c1e4ffec434,AJG-YJ-GWM-202608-01-PACKING,4,not_recorded,38#,1,,DM-GWM-0039,3501100XGW02A,前刹车盘,Front Brake Disc (Rotor),制动系统 / Brake System,个 / pc,10,100.7,1007,products.barcode,,NO,Pallet mapping pending
c49dad78-2ffc-406a-ac50-3c1e4ffec434,AJG-YJ-GWM-202608-01-PACKING,4,not_recorded,38#,1,,DM-GWM-0040,3501302XGW04A,前刹车盘,Front Brake Disc (Rotor),制动系统 / Brake System,个 / pc,4,100.7,402.8,products.barcode,,NO,Pallet mapping pending
