source_scope_number,scope_kind,physical_carton_count,member_carton_numbers,source_pallet_number,sku,part_number,expected_quantity,pi_row,packing_row
1#,carton,1,1#,,DM-GWM-0106,2803106XKN01A,4,112,12
1#,carton,1,1#,,DM-GWM-0107,2803107XKN01A,4,113,13
1#,carton,1,1#,,DM-GWM-0108,2803101XST01A,4,114,14
1#,carton,1,1#,,DM-GWM-0109,2803102XST01A,4,115,15
2#,carton,1,2#,,DM-GWM-0006,3701200XED61,4,12,16
2#,carton,1,2#,,DM-GWM-0007,1025100XEC06,4,13,17
3#,carton,1,3#,,DM-GWM-0055,AQAC000357,4,61,18
3#,carton,1,3#,,DM-GWM-0056,3401102XGW02A,3,62,20
3#,carton,1,3#,,DM-GWM-0057,3401103XGW02A,3,63,19
3#,carton,1,3#,,DM-GWM-0058,2906102XGW02A,6,64,21
3#,carton,1,3#,,DM-GWM-0071,3401108XGW01A,6,77,22
3#,carton,1,3#,,DM-GWM-0072,2906101XGW01A,6,78,23
3#,carton,1,3#,,DM-GWM-0074,3401101XPW01A,6,80,24
3#,carton,1,3#,,DM-GWM-0102,3401101XKV3AA,4,108,25
4#,carton,1,4#,,DM-GWM-0044,ZF1500101,6,50,26
5#,carton,1,5#,,DM-GWM-0067,2904101XGW02A,10,73,27
6#,carton,1,6#,,DM-GWM-0066,2904100XGW02A,10,72,28
7#8#9#,carton_group,3,7#|8#|9#,,DM-GWM-0064,2904103XGW01A,10,70,29
10#11#,carton_group,2,10#|11#,,DM-GWM-0065,2904104XGW01A,10,71,30
12#,carton,1,12#,,DM-GWM-0088,1001120XGW04A,4,94,31
12#,carton,1,12#,,DM-GWM-0089,1001100XKM01A,4,95,32
12#,carton,1,12#,,DM-GWM-0090,1001101XKM01A,4,96,33
12#,carton,1,12#,,DM-GWM-0091,1001123XGW04A,4,97,34
12#,carton,1,12#,,DM-GWM-0092,1001122XGW04A,4,98,35
13#,carton,1,13#,,DM-GWM-0042,1001115AGW01A,4,48,36
13#,carton,1,13#,,DM-GWM-0059,2905101XPW01B,4,65,37
13#,carton,1,13#,,DM-GWM-0073,2905136XGW01A,10,79,38
13#,carton,1,13#,,DM-GWM-0075,2905117XPW01A,4,81,39
13#,carton,1,13#,,DM-GWM-0076,2905108XKM01A,4,82,40
13#,carton,1,13#,,DM-GWM-0087,1001119XGW04A,4,93,41
13#,carton,1,13#,,DM-GWM-0103,2905302XGW04A,4,109,42
13#,carton,1,13#,,DM-GWM-0104,2904500XKV08A,4,110,43
13#,carton,1,13#,,DM-GWM-0105,2905107XPW01A,2,111,44
14#,carton,1,14#,,DM-GWM-0043,1001116AGW01A,4,49,45
14#,carton,1,14#,,DM-GWM-0045,1001100XGW02A,4,51,46
14#,carton,1,14#,,DM-GWM-0047,1001103XGW02A,4,53,47
15#,carton,1,15#,,DM-GWM-0049,2905127XGW01A,10,55,48
15#,carton,1,15#,,DM-GWM-0050,2905137XGW01A,10,56,49
15#,carton,1,15#,,DM-GWM-0051,2905108XPW01A,4,57,50
15#,carton,1,15#,,DM-GWM-0054,2905377XGW02A,10,60,51
16#,carton,1,16#,,DM-GWM-0113,1307100XED95,4,119,52
17#,carton,1,17#,,DM-GWM-0115,1307100-EG01B,6,121,53
18#,carton,1,18#,,DM-GWM-0097,2904201XKV1BB,4,103,54
18#,carton,1,18#,,DM-GWM-0098,2904202XKV1BA,4,104,55
18#,carton,1,18#,,DM-GWM-0110,1001117AGW01A,4,116,56
19#,carton,1,19#,,DM-GWM-0001,1117100XKW09A,4,7,57
19#,carton,1,19#,,DM-GWM-0003,1111402XED96,10,9,58
19#,carton,1,19#,,DM-GWM-0004,1017110XEN01,20,10,59
19#,carton,1,19#,,DM-GWM-0009,1017100EG01,20,15,60
19#,carton,1,19#,,DM-GWM-0021,1017100-EG01,20,27,61
19#,carton,1,19#,,DM-GWM-0027,1017100XEC01,8,33,62
19#,carton,1,19#,,DM-GWM-0028,1017110XED95,8,34,63
19#,carton,1,19#,,DM-GWM-0029,1017100XED95,8,35,64
20#,carton,1,20#,,DM-GWM-0008,3701011XEG71,6,14,65
20#,carton,1,20#,,DM-GWM-0011,3701011XED95,4,17,66
20#,carton,1,20#,,DM-GWM-0014,1025011XEN01,6,20,67
20#,carton,1,20#,,DM-GWM-0019,1021013XED61,2,25,68
20#,carton,1,20#,,DM-GWM-0020,1021801XED10,2,26,69
20#,carton,1,20#,,DM-GWM-0024,1025014XEDA8,4,30,70
20#,carton,1,20#,,DM-GWM-0025,1025011XEC06,4,31,71
21#,carton,1,21#,,DM-GWM-0082,2904104XPW01A,4,88,72
22#,carton,1,22#,,DM-GWM-0081,2904103XPW01A,4,87,73
23#,carton,1,23#,,DM-GWM-0080,2904104XKV1BA,4,86,74
24#,carton,1,24#,,DM-GWM-0079,2904103XKV1BA,4,85,75
25#,carton,1,25#,,DM-GWM-0070,2904101XPW01A,4,76,76
25#,carton,1,25#,,DM-GWM-0093,2904102XPW01A,4,99,77
26#,carton,1,26#,,DM-GWM-0002,8104400XKZ96A,10,8,78
26#,carton,1,26#,,DM-GWM-0005,1109103XKM01A,4,11,79
26#,carton,1,26#,,DM-GWM-0010,1109104XGW02A,10,16,80
26#,carton,1,26#,,DM-GWM-0012,8104300XKR02A,4,18,81
26#,carton,1,26#,,DM-GWM-0013,8100422XNZ01A,4,19,82
26#,carton,1,26#,,DM-GWM-0018,1109101AGW01A,10,24,83
26#,carton,1,26#,,DM-GWM-0032,8104430XKV3AA,4,38,84
27#,carton,1,27#,,DM-GWM-0016,1017100XEB02,20,22,85
27#,carton,1,27#,,DM-GWM-0041,151100002,6,47,86
27#,carton,1,27#,,DM-GWM-0048,151100008,6,54,87
28#,carton,1,28#,,DM-GWM-0060,2905102XGW01A,10,66,88
28#,carton,1,28#,,DM-GWM-0061,2905103XGW01A,10,67,89
28#,carton,1,28#,,DM-GWM-0062,2905401XGW02A,10,68,90
28#,carton,1,28#,,DM-GWM-0063,2905402XGW02A,10,69,91
28#,carton,1,28#,,DM-GWM-0084,2905101XPW04A,4,90,92
29#,carton,1,29#,,DM-GWM-0052,2905121XPW01A,4,58,93
29#,carton,1,29#,,DM-GWM-0053,2905120XPW01A,4,59,94
29#,carton,1,29#,,DM-GWM-0077,2905104XGW02A,10,83,95
29#,carton,1,29#,,DM-GWM-0078,2905105XGW02A,10,84,96
29#,carton,1,29#,,DM-GWM-0083,2905100XPW04A,4,89,97
29#,carton,1,29#,,DM-GWM-0085,2905550XGW04A,4,91,98
29#,carton,1,29#,,DM-GWM-0086,2905553XGW04A,4,92,99
30#,carton,1,30#,,DM-GWM-0022,1109107XGW02A,10,28,100
30#,carton,1,30#,,DM-GWM-0023,1109132XGW01A,10,29,101
31#,carton,1,31#,,DM-GWM-0015,1025200XEB55,4,21,102
31#,carton,1,31#,,DM-GWM-0017,1025011XEB55,6,23,103
31#,carton,1,31#,,DM-GWM-0026,1025100XEDA8,2,32,104
31#,carton,1,31#,,DM-GWM-0030,1109110XP6EXA,4,36,105
31#,carton,1,31#,,DM-GWM-0031,1109110XPE6EXA,4,37,106
31#,carton,1,31#,,DM-GWM-0046,151100057,2,52,107
32#,carton,1,32#,,DM-GWM-0112,3103100XPW01A,4,118,108
32#,carton,1,32#,,DM-GWM-0114,3103100XGW02A,4,120,109
32#,carton,1,32#,,DM-GWM-0117,3103100XGW01A,4,123,110
32#,carton,1,32#,,DM-GWM-0118,3103100XGW04A,4,124,111
33#,carton,1,33#,,DM-GWM-0111,1306100-ED01,6,117,112
33#,carton,1,33#,,DM-GWM-0116,1306100-EG01,6,122,113
33#,carton,1,33#,,DM-GWM-0119,1307100XEC71,4,125,114
34#,carton,1,34#,,DM-GWM-0100,2915100XPW04A,2,106,115
35#,carton,1,35#,,DM-GWM-0095,2915370XGW02A,4,101,116
35#,carton,1,35#,,DM-GWM-0096,2915105XGW02A,4,102,117
35#,carton,1,35#,,DM-GWM-0101,2915101XPW01A,2,107,118
36#,carton,1,36#,,DM-GWM-0094,2915101XGW02A,4,100,119
36#,carton,1,36#,,DM-GWM-0099,2915507XGW04A,4,105,120
37#,carton,1,37#,,DM-GWM-0068,2915102XGW01A,4,74,121
37#,carton,1,37#,,DM-GWM-0069,2915103XGW04A,4,75,122
38#,carton,1,38#,,DM-GWM-0033,3502108XPW01A,4,39,123
38#,carton,1,38#,,DM-GWM-0034,3501104XPW01A,10,40,124
38#,carton,1,38#,,DM-GWM-0035,3502102XGW02A,4,41,125
38#,carton,1,38#,,DM-GWM-0036,3501112XGW01A,10,42,126
38#,carton,1,38#,,DM-GWM-0037,3501107XGW02A,10,43,127
38#,carton,1,38#,,DM-GWM-0038,3502105XGW01A,4,44,128
38#,carton,1,38#,,DM-GWM-0039,3501100XGW02A,10,45,129
38#,carton,1,38#,,DM-GWM-0040,3501302XGW04A,4,46,130
